PassengerID,Name,Age,Gender,TicketNumber,SeatNumber,Fare,Destination
1,Michael Williams,23,Other,T10297,59D,165.42,New York
2,Sophia Jones,79,Other,T20146,50C,326.96,Tokyo
3,Emma Miller,13,Female,T85579,26B,203.9,Berlin
4,John Johnson,53,Female,T31402,59D,493.17,Tokyo
5,David Jones,30,Female,T84158,4F,79.73,Berlin
6,John Brown,14,Other,T82921,4E,164.74,Berlin
7,James Rodriguez,87,Female,T80655,23A,469.16,Berlin
8,Mia Martinez,33,Other,T69514,47B,135.37,Tokyo
9,John Rodriguez,53,Female,T55730,25E,470.09,Berlin
10,David Davis,67,Female,T47093,41A,438.61,Paris
11,John Jones,46,Female,T56926,57C,187.2,Sydney
12,David Garcia,19,Other,T71692,52A,120.46,Tokyo
13,Isabella Williams,88,Female,T53838,40B,204.33,London
14,Robert Rodriguez,75,Other,T80508,9A,137.68,Sydney
15,James Williams,66,Other,T19233,59B,371.78,Paris
16,James Rodriguez,89,Male,T58384,58E,154.89,Tokyo
17,Sophia Davis,34,Female,T28811,6E,464.31,Paris
18,Sophia Garcia,84,Other,T85061,26F,417.78,Sydney
19,Michael Martinez,2,Other,T84853,54A,318.68,Sydney
20,Olivia Johnson,13,Male,T27912,49E,67.57,Berlin
21,Mia Brown,48,Female,T40498,10C,367.13,London
22,Sophia Davis,13,Other,T87889,34F,138.71,London
23,Sophia Rodriguez,56,Female,T73759,58E,80.47,New York
24,Robert Martinez,11,Other,T66587,54E,173.58,Toronto
25,David Johnson,56,Male,T98045,41D,121.78,London
26,Sophia Jones,58,Other,T68128,28A,243.5,Tokyo
27,David Miller,31,Male,T40673,54F,260.37,Paris
28,Sophia Brown,39,Female,T89434,37A,117.69,Toronto
29,Michael Rodriguez,75,Other,T83547,22A,183.58,Tokyo
30,Mia Jones,18,Male,T34056,13D,187.92,New York
31,Robert Johnson,18,Male,T44532,54A,56.83,Tokyo
32,Mia Miller,85,Other,T86749,59E,230.09,London
33,Mia Davis,86,Female,T16035,46C,142.55,London
34,James Davis,53,Male,T76350,10C,488.2,New York
35,Sophia Rodriguez,51,Other,T27136,25D,223.91,New York
36,Robert Garcia,21,Other,T66647,44E,221.14,New York
37,James Martinez,52,Male,T84436,3E,408.01,Sydney
38,John Johnson,3,Other,T96058,45A,346.69,New York
39,James Rodriguez,44,Female,T30693,15E,256.78,Sydney
40,Emma Martinez,33,Other,T49432,11E,391.66,Paris
41,Emma Miller,8,Female,T25737,42F,458.45,New York
42,John Brown,74,Other,T94038,4D,62.46,Paris
43,Robert Davis,12,Male,T98602,22B,237.49,New York
44,Isabella Johnson,81,Female,T97740,20B,463.07,London
45,Robert Davis,26,Other,T72014,52E,300.57,Sydney
46,Olivia Johnson,24,Male,T37738,7D,155.14,Tokyo
47,Olivia Davis,75,Female,T56419,27B,359.29,London
48,James Jones,54,Other,T59629,12A,306.05,Tokyo
49,Michael Garcia,54,Female,T60411,3A,238.03,New York
50,Mia Williams,38,Female,T40885,12A,364.57,Tokyo
51,Robert Jones,72,Female,T47300,31F,53.4,New York
52,Robert Williams,32,Female,T49219,29A,335.88,New York
53,David Jones,7,Male,T70485,49F,201.3,Sydney
54,Mia Brown,41,Other,T46911,28C,103.56,London
55,David Miller,18,Male,T96367,30A,417.1,London
56,David Martinez,4,Female,T98413,6C,312.78,New York
57,David Jones,67,Male,T74050,38A,443.35,Berlin
58,Mia Williams,79,Male,T34026,37F,252.4,Berlin
59,Mia Miller,5,Other,T32346,26E,239.44,London
60,Sophia Rodriguez,77,Other,T10546,14E,107.97,Tokyo
61,Emma Smith,67,Other,T59745,39E,371.71,Berlin
62,Mia Miller,85,Female,T48183,46C,187.68,New York
63,John Williams,12,Male,T34877,23D,209.78,Paris
64,Sophia Rodriguez,49,Other,T38346,59C,359.99,London
65,Michael Martinez,52,Other,T75252,7E,71.44,Berlin
66,Sophia Smith,71,Female,T66396,24C,226.91,Sydney
67,Emma Garcia,48,Male,T27879,21A,230.75,Berlin
68,Olivia Miller,52,Other,T86576,25B,277.13,New York
69,Robert Rodriguez,39,Male,T99891,10F,483.37,Tokyo
70,Sophia Williams,80,Other,T55965,44C,490.81,Berlin
71,Mia Smith,83,Male,T52872,51E,469.69,London
72,Isabella Brown,67,Other,T91691,27F,235.62,London
73,Mia Miller,54,Other,T51545,55A,95.29,Paris
74,Isabella Brown,11,Male,T18170,34F,116.82,Tokyo
75,Isabella Martinez,51,Other,T88020,56D,405.79,Berlin
76,James Rodriguez,54,Male,T47156,55B,428.14,Sydney
77,David Martinez,62,Male,T30762,51F,337.72,Tokyo
78,David Johnson,29,Other,T43411,13E,116.75,Sydney
79,Michael Williams,41,Other,T16490,36B,162.99,Sydney
80,Emma Garcia,52,Other,T54377,29E,463.41,Toronto
81,James Williams,81,Female,T48346,52F,257.8,Tokyo
82,Robert Miller,16,Male,T94854,57A,485.58,Sydney
83,Michael Jones,48,Male,T23878,49D,470.62,Berlin
84,David Miller,7,Male,T87933,17A,327.14,Toronto
85,Sophia Garcia,25,Other,T82785,37E,488.03,Tokyo
86,Robert Smith,27,Male,T37286,8E,252.07,Toronto
87,Mia Jones,20,Female,T26162,30A,283.19,London
88,Michael Jones,8,Female,T62387,49F,232.73,Tokyo
89,Robert Garcia,25,Other,T47650,52D,472.43,London
90,David Garcia,20,Male,T47101,11D,350.09,Paris
91,David Brown,61,Other,T14075,21E,50.21,Sydney
92,Michael Davis,68,Other,T17173,25C,273.98,Tokyo
93,David Garcia,66,Female,T77209,46D,325.1,Berlin
94,Isabella Garcia,66,Other,T80681,13E,139.95,Paris
95,Isabella Williams,17,Female,T78802,40F,218.67,Berlin
96,Isabella Miller,10,Male,T67820,50A,194.17,London
97,David Rodriguez,36,Male,T68609,34F,71.71,Sydney
98,Michael Smith,18,Other,T60802,37F,417.89,Toronto
99,Isabella Williams,45,Female,T23373,56E,450.65,Berlin
100,Mia Garcia,19,Female,T70231,1B,397.29,Toronto
101,Emma Garcia,43,Female,T80099,36E,172.15,New York
102,Sophia Miller,77,Male,T22094,16F,216.06,Toronto
103,David Williams,4,Male,T20163,27B,351.02,Toronto
104,Emma Miller,5,Female,T26620,55C,60.66,New York
105,Michael Jones,3,Female,T96349,36F,182.28,London
106,Isabella Rodriguez,21,Male,T77483,39D,422.34,Toronto
107,Isabella Williams,48,Other,T53138,40C,126.65,Sydney
108,Robert Rodriguez,71,Female,T48310,53F,187.09,New York
109,David Rodriguez,41,Female,T37452,50B,117.79,Sydney
110,Olivia Rodriguez,38,Male,T49531,35B,138.5,London
111,James Davis,63,Male,T69964,59A,422.53,Tokyo
112,John Garcia,54,Other,T28154,1E,177.9,Tokyo
113,David Rodriguez,82,Male,T55842,39A,101.02,Paris
114,John Smith,63,Male,T55891,57B,435.5,London
115,Michael Johnson,9,Female,T59626,2A,480.36,New York
116,John Martinez,64,Female,T80151,19C,96.06,Toronto
117,Isabella Johnson,87,Female,T96691,48B,448.96,London
118,James Garcia,83,Female,T44756,47C,379.62,Paris
119,Michael Williams,63,Female,T48080,40A,318.74,New York
120,Robert Garcia,72,Female,T98763,32D,381.03,Sydney
121,Emma Miller,33,Female,T60521,46B,355.05,Berlin
122,Emma Miller,71,Female,T30641,21C,179.24,Toronto
123,Robert Rodriguez,86,Female,T20595,59C,336.04,London
124,Mia Garcia,14,Other,T74675,8A,499.76,London
125,Olivia Davis,57,Female,T19311,60B,221.8,Tokyo
126,John Martinez,6,Female,T51833,2C,228.93,Berlin
127,Mia Davis,49,Other,T55341,43C,383.73,Berlin
128,Olivia Miller,87,Other,T93617,43E,195.97,Berlin
129,Olivia Garcia,43,Female,T31647,25B,435.24,Toronto
130,Isabella Jones,17,Male,T14990,8C,98.79,New York
131,David Garcia,81,Male,T64494,34F,107.91,Tokyo
132,Isabella Williams,62,Female,T74353,24E,434.66,Berlin
133,James Martinez,12,Other,T77961,17A,151.18,Tokyo
134,Mia Rodriguez,36,Male,T84073,56D,390.11,Sydney
135,Emma Brown,67,Female,T80336,14F,285.4,Sydney
136,James Garcia,82,Male,T63678,52F,463.87,Toronto
137,Robert Miller,65,Female,T21690,54F,182.55,New York
138,Mia Davis,22,Female,T24966,53B,468.72,Tokyo
139,James Martinez,57,Other,T61419,33E,184.24,Paris
140,James Miller,12,Female,T87719,53C,432.5,New York
141,John Johnson,3,Other,T50567,1C,468.94,Berlin
142,David Miller,7,Female,T29671,23A,140.84,London
143,James Jones,11,Male,T14178,43D,435.25,Toronto
144,Robert Davis,19,Female,T42003,54A,439.37,London
145,Robert Martinez,8,Male,T48198,56F,383.77,New York
146,Michael Martinez,81,Male,T57868,32B,289.88,London
147,Isabella Davis,27,Other,T98555,54C,300.0,New York
148,Olivia Garcia,61,Other,T15696,59A,329.72,New York
149,Sophia Williams,55,Female,T71382,35D,96.76,Toronto
150,David Jones,12,Male,T90811,21F,382.22,Sydney
151,Emma Jones,75,Other,T35339,21C,464.1,Tokyo
152,David Jones,28,Male,T11065,21A,65.06,New York
153,Emma Davis,25,Other,T56143,14F,465.5,New York
154,Isabella Garcia,2,Male,T25699,26F,249.34,Toronto
155,Robert Davis,64,Male,T48305,22C,326.6,New York
156,Mia Williams,50,Female,T93213,11E,221.22,Tokyo
157,Olivia Garcia,62,Female,T35226,44E,72.03,Tokyo
158,Olivia Garcia,86,Female,T83947,15A,170.55,New York
159,James Martinez,2,Female,T90618,29A,267.16,New York
160,Michael Rodriguez,55,Other,T80621,28F,309.99,Tokyo
161,Robert Williams,78,Male,T91545,28D,434.2,Tokyo
162,David Williams,86,Female,T48756,29F,267.04,Tokyo
163,Emma Brown,63,Other,T14054,56A,335.76,New York
164,Isabella Martinez,66,Other,T33658,36D,118.07,Tokyo
165,James Jones,53,Other,T12294,44D,91.17,Toronto
166,Isabella Jones,24,Male,T72363,42C,411.07,Paris
167,Robert Johnson,17,Female,T40132,20D,235.81,Berlin
168,Olivia Brown,80,Other,T49037,3F,206.58,Tokyo
169,Mia Miller,44,Female,T45730,49E,418.62,Paris
170,Michael Martinez,39,Other,T90049,14F,423.59,Paris
171,Mia Rodriguez,78,Other,T45956,22D,162.04,New York
172,Mia Johnson,67,Male,T18468,49C,250.18,Paris
173,Mia Miller,57,Male,T48823,39E,335.31,New York
174,James Smith,33,Other,T86999,37B,390.43,Tokyo
175,Mia Brown,81,Other,T92454,58B,303.27,Tokyo
176,Olivia Miller,78,Male,T76790,34E,238.25,London
177,James Miller,84,Female,T48103,39E,224.92,Sydney
178,Emma Davis,89,Male,T52859,38C,479.25,Tokyo
179,Mia Williams,33,Female,T97880,39E,113.79,Tokyo
180,Mia Garcia,68,Other,T76162,2D,185.81,Berlin
181,Mia Garcia,54,Female,T98362,36C,204.45,Berlin
182,David Martinez,5,Female,T10922,53E,496.06,New York
183,Robert Johnson,82,Female,T62233,38B,219.83,Sydney
184,Emma Miller,79,Other,T88546,11A,364.77,Sydney
185,Emma Jones,81,Other,T11422,43E,463.51,Paris
186,Robert Brown,86,Female,T76380,48C,267.05,London
187,Robert Williams,46,Male,T25126,40A,215.09,Tokyo
188,Mia Williams,45,Female,T93579,1A,112.45,Berlin
189,John Smith,85,Other,T47858,30D,399.52,Tokyo
190,Olivia Rodriguez,19,Female,T89317,24B,472.04,New York
191,Robert Miller,41,Female,T16607,15D,252.56,New York
192,James Martinez,20,Other,T78517,56F,448.5,Paris
193,Mia Miller,33,Other,T92528,31E,495.05,Sydney
194,James Garcia,77,Male,T20050,59C,240.44,New York
195,Mia Garcia,26,Female,T93590,34A,153.53,London
196,Mia Jones,57,Female,T77594,39E,275.49,New York
197,James Martinez,82,Other,T67725,4B,450.36,New York
198,Sophia Garcia,23,Female,T60762,22F,490.8,Berlin
199,John Brown,32,Other,T82898,30A,129.98,Berlin
200,Michael Garcia,69,Other,T30631,18E,191.72,London
201,Robert Garcia,68,Female,T84425,16A,453.76,New York
202,Michael Martinez,56,Female,T15514,28F,227.74,Berlin
203,Sophia Garcia,86,Other,T51600,51B,240.88,Tokyo
204,Michael Johnson,32,Female,T21204,11C,282.97,London
205,James Miller,43,Other,T64776,39D,336.81,Sydney
206,Emma Williams,19,Female,T17112,24B,77.3,London
207,James Martinez,50,Other,T29377,19E,433.49,Paris
208,Michael Johnson,82,Other,T81626,43F,477.81,Toronto
209,David Rodriguez,7,Other,T77248,48D,361.04,London
210,Emma Davis,24,Other,T92361,15E,144.78,Toronto
211,David Brown,83,Male,T17122,14E,410.37,Toronto
212,Sophia Brown,28,Male,T61756,11C,431.74,Tokyo
213,Robert Smith,64,Female,T44660,29C,441.18,Tokyo
214,David Rodriguez,19,Female,T11464,2A,249.48,London
215,David Brown,69,Other,T49469,25E,283.26,London
216,James Brown,11,Female,T86883,24D,312.12,London
217,Mia Miller,63,Female,T85358,2F,336.98,London
218,James Smith,8,Female,T40792,48E,404.2,Sydney
219,Isabella Johnson,4,Male,T14857,4E,332.61,Berlin
220,Emma Garcia,13,Female,T78428,37C,133.48,New York
221,Mia Garcia,85,Female,T43709,25A,342.34,Berlin
222,Isabella Williams,5,Female,T46259,33E,223.72,New York
223,David Smith,59,Female,T82634,31F,153.03,Tokyo
224,Michael Brown,47,Male,T90949,19B,217.22,New York
225,Robert Jones,2,Other,T62809,40B,407.04,Berlin
226,Michael Davis,24,Male,T18503,54F,51.42,Tokyo
227,John Garcia,73,Female,T44001,22B,417.75,Paris
228,Isabella Rodriguez,30,Female,T51588,37D,494.42,Tokyo
229,David Martinez,30,Male,T79729,51F,208.42,London
230,Isabella Williams,77,Male,T84250,55C,89.66,Tokyo
231,Isabella Garcia,80,Female,T60859,13F,87.68,Sydney
232,Robert Miller,40,Other,T14854,43E,272.02,Paris
233,David Smith,28,Other,T95245,27F,111.84,Tokyo
234,Sophia Davis,66,Female,T67486,60C,486.14,Sydney
235,Michael Brown,55,Female,T33878,15F,252.0,Paris
236,Mia Johnson,77,Other,T47997,4D,487.14,Sydney
237,John Garcia,21,Female,T61024,7B,69.6,Toronto
238,John Davis,64,Male,T94409,11E,401.17,Berlin
239,James Jones,86,Female,T75242,58E,134.88,Berlin
240,Isabella Martinez,50,Female,T19068,32C,391.82,Sydney
241,Emma Jones,36,Other,T90216,48E,111.21,Tokyo
242,Mia Davis,57,Female,T75101,56D,139.39,Paris
243,Mia Williams,49,Male,T90790,29C,284.54,New York
244,Olivia Johnson,64,Other,T16036,6C,401.04,London
245,James Smith,21,Male,T60629,14E,337.14,Tokyo
246,David Williams,10,Other,T77361,46E,67.31,London
247,Olivia Jones,49,Female,T89210,24A,240.43,New York
248,David Rodriguez,60,Other,T83951,51D,219.19,Tokyo
249,Mia Johnson,26,Female,T43106,16A,95.96,Tokyo
250,Michael Garcia,43,Other,T87178,12B,460.42,London
251,Robert Jones,69,Female,T70852,40F,222.56,Toronto
252,Sophia Johnson,24,Other,T95782,31E,65.83,Sydney
253,David Rodriguez,89,Male,T98040,3B,141.99,New York
254,Isabella Miller,11,Other,T45311,4A,188.38,Sydney
255,David Miller,68,Female,T56965,49C,136.99,London
256,James Martinez,11,Male,T60617,35A,122.24,Toronto
257,John Rodriguez,36,Other,T30326,60F,52.0,New York
258,Michael Miller,89,Male,T81631,11F,271.46,Berlin
259,Isabella Smith,73,Other,T72106,48C,237.91,Tokyo
260,James Jones,12,Female,T48967,26C,416.65,Toronto
261,David Johnson,38,Other,T58032,29D,456.5,Sydney
262,Olivia Johnson,77,Female,T73691,49D,191.61,London
263,Isabella Smith,71,Male,T69785,17C,399.8,London
264,Robert Jones,39,Female,T17058,51E,179.95,Berlin
265,Robert Martinez,63,Female,T81785,36F,253.7,New York
266,Emma Williams,26,Male,T68830,22F,107.02,London
267,Mia Smith,40,Other,T49547,29F,353.92,Sydney
268,Michael Jones,31,Other,T26761,30C,277.43,Paris
269,Robert Miller,9,Male,T73631,42F,146.51,New York
270,David Johnson,82,Other,T44339,2A,71.18,Toronto
271,Michael Miller,27,Male,T56375,32E,336.42,Paris
272,James Brown,20,Other,T95865,26B,306.23,London
273,James Davis,83,Male,T86572,2D,229.28,London
274,John Davis,22,Female,T91584,5D,170.71,Paris
275,Michael Davis,13,Male,T56554,29E,387.5,Paris
276,John Miller,75,Other,T75100,31E,428.05,Tokyo
277,John Martinez,78,Male,T44375,7F,472.98,New York
278,Olivia Miller,27,Other,T71243,59E,137.98,Tokyo
279,David Smith,69,Female,T72301,45A,120.99,New York
280,Sophia Davis,15,Other,T66930,25B,407.52,London
281,David Davis,63,Other,T94174,18C,173.93,Toronto
282,Sophia Martinez,14,Male,T71510,9C,286.69,Berlin
283,Robert Johnson,73,Other,T34379,11C,220.65,Tokyo
284,James Smith,15,Other,T91940,12C,181.32,Sydney
285,David Williams,24,Other,T51572,47A,234.18,Sydney
286,Robert Johnson,43,Other,T58916,53F,397.43,Paris
287,Olivia Miller,60,Other,T64374,34F,312.9,Paris
288,John Brown,77,Female,T69713,15A,363.7,Tokyo
289,David Williams,55,Male,T55735,29C,96.3,Tokyo
290,John Jones,7,Female,T75608,29F,378.71,London
291,Robert Martinez,32,Other,T60441,12B,303.42,New York
292,Mia Johnson,48,Female,T83417,46D,380.87,Toronto
293,John Johnson,45,Other,T46314,35B,200.44,Paris
294,John Martinez,61,Female,T63748,30C,445.82,Toronto
295,Olivia Davis,11,Male,T44008,10A,408.14,London
296,Robert Smith,25,Other,T39370,33A,329.56,Sydney
297,Robert Jones,89,Male,T63602,37F,163.24,Sydney
298,Mia Rodriguez,9,Female,T95168,13F,468.29,Berlin
299,David Davis,83,Female,T93939,35E,426.72,New York
300,Emma Miller,22,Male,T54027,6F,147.49,Tokyo
301,Mia Davis,64,Male,T44780,16D,389.48,New York
302,John Johnson,15,Other,T72698,28E,406.14,Paris
303,David Smith,54,Female,T49891,37D,440.69,Sydney
304,Robert Davis,14,Male,T89012,17B,368.5,Toronto
305,Emma Johnson,45,Other,T13989,60F,209.52,Sydney
306,Sophia Brown,16,Male,T85864,55F,294.73,Sydney
307,Michael Davis,37,Female,T69125,13D,275.54,New York
308,Michael Martinez,23,Male,T74134,9D,312.28,Toronto
309,Michael Martinez,22,Female,T54309,29A,73.03,Berlin
310,Robert Garcia,64,Male,T81612,37E,163.4,Toronto
311,Emma Miller,13,Female,T40738,17E,459.71,Berlin
312,David Martinez,56,Male,T83693,52D,251.07,New York
313,John Martinez,24,Male,T91232,33F,161.07,Paris
314,Robert Smith,59,Other,T80505,5E,200.31,Berlin
315,Michael Jones,23,Female,T13374,57F,435.53,London
316,James Davis,3,Other,T58642,43F,179.29,Toronto
317,James Williams,14,Other,T41333,4C,243.42,Sydney
318,Robert Johnson,71,Female,T94445,35E,81.71,Sydney
319,Mia Williams,59,Female,T33058,48B,353.95,Sydney
320,Mia Garcia,47,Male,T41689,33C,417.2,Berlin
321,Mia Martinez,55,Male,T50043,55A,402.28,London
322,Olivia Garcia,56,Male,T42759,24C,276.68,Toronto
323,Emma Davis,33,Female,T54693,27D,304.62,Tokyo
324,Isabella Jones,53,Male,T83772,32D,377.96,Toronto
325,Sophia Smith,22,Male,T53663,2C,371.74,Berlin
326,Michael Martinez,50,Other,T61824,57B,317.42,New York
327,Sophia Miller,37,Male,T49954,14F,449.48,Tokyo
328,James Johnson,70,Female,T90587,13C,166.09,Tokyo
329,Isabella Rodriguez,46,Female,T42596,15F,274.95,Tokyo
330,Robert Garcia,1,Other,T82545,57E,132.12,Toronto
331,Emma Davis,77,Male,T92331,52D,401.67,London
332,Michael Rodriguez,6,Male,T92522,53E,482.76,London
333,Robert Jones,70,Male,T24312,6E,319.06,London
334,James Smith,69,Male,T44364,24B,286.71,Sydney
335,Olivia Miller,32,Other,T15839,24E,154.72,Tokyo
336,David Martinez,29,Male,T50902,24F,269.62,Paris
337,Robert Williams,20,Male,T68167,39C,376.43,New York
338,Robert Williams,28,Male,T66586,12E,374.72,New York
339,James Miller,6,Other,T38330,21D,131.83,New York
340,Mia Davis,77,Female,T67766,49D,467.46,London
341,David Davis,57,Other,T13088,56D,322.51,Paris
342,David Smith,5,Other,T78192,51A,269.59,Sydney
343,Mia Davis,84,Other,T82332,45E,220.63,Toronto
344,Emma Johnson,86,Other,T89415,27C,299.81,Berlin
345,David Williams,9,Other,T17720,56B,378.09,Tokyo
346,Sophia Martinez,9,Female,T94046,7C,271.69,Sydney
347,Michael Williams,28,Male,T46632,38D,154.46,Toronto
348,Robert Davis,88,Other,T17205,26E,302.43,Tokyo
349,Sophia Jones,58,Other,T83127,10C,424.31,Sydney
350,James Johnson,3,Female,T33319,43F,241.93,Tokyo
351,John Miller,5,Male,T69960,20D,373.38,Sydney
352,Robert Garcia,20,Other,T33934,41B,261.09,Berlin
353,Mia Martinez,59,Female,T60456,47B,307.05,Paris
354,Mia Rodriguez,37,Male,T53386,25D,432.01,Tokyo
355,Michael Smith,78,Female,T42953,50F,86.34,Berlin
356,Isabella Brown,83,Male,T91505,43E,261.23,Tokyo
357,James Jones,14,Male,T24816,2A,474.48,Sydney
358,Sophia Jones,52,Male,T86186,57F,260.62,Tokyo
359,James Miller,33,Other,T26216,8C,81.76,Berlin
360,James Davis,72,Male,T45670,58C,221.94,Toronto
361,Emma Jones,57,Other,T11924,15B,220.77,Toronto
362,Robert Jones,87,Other,T47680,24E,376.68,Paris
363,David Rodriguez,78,Male,T99893,45C,210.95,London
364,Robert Garcia,28,Other,T20939,7B,206.82,Tokyo
365,Sophia Jones,61,Other,T11787,58D,188.5,New York
366,Sophia Williams,2,Male,T43380,31C,331.47,Tokyo
367,Emma Davis,13,Female,T89700,27C,273.92,Tokyo
368,Emma Martinez,80,Other,T22664,17C,113.09,Toronto
369,Michael Rodriguez,37,Female,T21408,4F,378.77,Toronto
370,Mia Jones,44,Female,T41390,51D,169.39,Berlin
371,John Rodriguez,80,Male,T84457,3E,135.77,Berlin
372,Emma Jones,28,Other,T85329,31E,471.29,London
373,Michael Rodriguez,82,Other,T73957,5F,340.61,Berlin
374,James Jones,51,Other,T38299,20A,431.46,Toronto
375,Isabella Martinez,39,Male,T32725,58F,253.12,New York
376,James Rodriguez,21,Other,T23409,33E,483.91,London
377,Mia Williams,55,Male,T91468,37C,186.96,Toronto
378,Isabella Smith,15,Female,T44150,37F,85.25,New York
379,Robert Brown,57,Other,T42231,11C,215.25,Tokyo
380,Michael Martinez,78,Other,T76381,52A,319.17,London
381,Emma Miller,77,Other,T22887,12B,126.35,London
382,Mia Martinez,44,Other,T74811,41C,192.55,Sydney
383,Michael Jones,74,Other,T99812,17B,236.62,New York
384,Sophia Rodriguez,70,Other,T36525,24A,204.98,Sydney
385,Michael Garcia,49,Male,T65968,58A,416.05,Berlin
386,Sophia Garcia,47,Other,T20321,19A,383.53,Tokyo
387,Isabella Martinez,43,Other,T80597,27A,366.75,Paris
388,Mia Johnson,46,Male,T45177,37A,303.38,New York
389,David Garcia,84,Male,T28705,2E,267.77,New York
390,Olivia Martinez,35,Female,T56783,37B,431.36,Sydney
391,Mia Brown,89,Female,T13192,6C,446.88,New York
392,Olivia Jones,18,Other,T47793,53B,446.19,New York
393,James Smith,88,Male,T67964,11E,59.23,Berlin
394,Sophia Miller,39,Female,T37419,9A,352.22,London
395,James Rodriguez,80,Male,T66170,32B,337.47,Sydney
396,Sophia Jones,72,Female,T99007,34C,144.31,Tokyo
397,Mia Smith,31,Male,T54371,19E,202.62,Toronto
398,James Martinez,10,Female,T62346,6F,459.86,Paris
399,Isabella Martinez,85,Male,T87983,12F,174.91,New York
400,Robert Williams,9,Other,T46176,55A,358.25,Berlin
401,David Brown,4,Other,T90574,8B,145.57,Toronto
402,John Johnson,84,Male,T18322,2C,313.54,London
403,Mia Brown,42,Female,T48180,40A,397.45,London
404,Michael Garcia,69,Male,T32277,45C,275.43,London
405,Robert Rodriguez,21,Other,T34151,23A,459.65,Toronto
406,Isabella Smith,57,Other,T76073,52D,79.9,Sydney
407,Isabella Williams,6,Other,T25663,19B,177.57,London
408,Sophia Johnson,20,Female,T77761,1C,119.17,Toronto
409,Olivia Garcia,1,Female,T95894,2D,472.24,Toronto
410,Olivia Davis,15,Female,T70170,57C,185.31,New York
411,Robert Garcia,14,Female,T26614,35B,63.27,Berlin
412,Isabella Davis,58,Female,T12223,3C,375.5,Sydney
413,Sophia Davis,44,Other,T29028,17F,361.38,Paris
414,Robert Rodriguez,74,Other,T37889,22B,352.82,Sydney
415,Isabella Brown,54,Female,T34618,56D,349.83,Sydney
416,Isabella Jones,39,Female,T40308,59D,340.44,Tokyo
417,Isabella Jones,72,Male,T89739,51B,71.4,Paris
418,Isabella Smith,53,Other,T47657,15D,398.39,Berlin
419,David Smith,20,Other,T41959,42F,267.52,Toronto
420,James Davis,46,Female,T81796,27F,485.28,Paris
421,Mia Jones,6,Male,T17383,17F,112.65,Tokyo
422,Emma Miller,55,Female,T33784,32E,283.24,Paris
423,James Johnson,47,Male,T17723,31D,65.74,Tokyo
424,Michael Brown,41,Male,T35316,20A,118.4,Sydney
425,David Johnson,68,Other,T48036,38B,258.75,Tokyo
426,Michael Jones,34,Male,T36151,50F,283.08,Paris
427,Emma Davis,75,Female,T78812,39F,94.88,Berlin
428,Olivia Davis,40,Female,T78343,19A,409.86,Tokyo
429,Sophia Williams,46,Male,T25131,11C,456.66,Berlin
430,Michael Brown,60,Other,T66964,7C,139.72,Paris
431,Robert Davis,87,Other,T17348,51F,323.79,New York
432,John Rodriguez,20,Female,T86214,12C,356.08,New York
433,Michael Brown,69,Male,T47926,15E,420.49,London
434,Sophia Miller,11,Female,T33041,9D,470.73,Toronto
435,Emma Williams,37,Other,T44407,48E,267.37,New York
436,John Williams,78,Male,T60115,9D,456.89,Sydney
437,Emma Johnson,78,Other,T29156,43A,149.89,New York
438,James Garcia,27,Female,T18269,34F,127.15,Paris
439,Mia Williams,87,Female,T23266,29A,430.5,Sydney
440,Robert Martinez,17,Male,T15103,3A,456.53,Berlin
441,Mia Garcia,9,Other,T77595,22A,312.28,Sydney
442,Sophia Miller,57,Female,T72360,12D,238.75,London
443,Isabella Williams,11,Female,T47224,51F,117.61,Berlin
444,Robert Johnson,31,Female,T38167,34A,470.73,New York
445,Isabella Rodriguez,9,Male,T85319,22D,301.46,Toronto
446,Michael Brown,67,Male,T30730,21F,193.02,Tokyo
447,Isabella Garcia,66,Female,T75222,17D,178.02,Berlin
448,Mia Martinez,28,Other,T81149,29A,87.69,Sydney
449,Robert Williams,65,Female,T82873,54D,217.67,Tokyo
450,Emma Smith,68,Male,T32369,53E,80.53,Toronto
451,Michael Miller,53,Male,T29260,53F,407.92,Sydney
452,Emma Brown,49,Other,T53933,43D,373.33,Sydney
453,Olivia Johnson,3,Other,T71356,53C,173.67,New York
454,John Williams,41,Other,T84268,43C,418.0,Toronto
455,Sophia Garcia,24,Male,T60002,38B,248.33,Paris
456,Emma Davis,67,Female,T32505,5B,67.96,Sydney
457,Mia Smith,18,Male,T73229,52E,231.44,New York
458,Sophia Jones,45,Other,T11046,45C,466.71,Paris
459,James Smith,38,Female,T15952,44D,202.35,Berlin
460,Mia Smith,37,Male,T25574,59A,256.52,Toronto
461,Isabella Johnson,12,Male,T50353,36B,429.23,Berlin
462,Robert Williams,75,Male,T47979,13D,312.59,London
463,Sophia Johnson,49,Female,T40754,16A,203.68,Toronto
464,Michael Miller,48,Male,T90417,50B,345.12,Paris
465,Michael Brown,88,Other,T34978,4B,239.67,New York
466,David Garcia,8,Male,T86322,16D,497.4,Sydney
467,James Garcia,2,Male,T48056,9F,395.02,Toronto
468,Mia Brown,12,Female,T33165,13D,458.38,Berlin
469,Isabella Johnson,66,Other,T81641,28B,152.42,Berlin
470,John Davis,3,Other,T19153,27C,221.42,Berlin
471,Emma Johnson,29,Male,T35689,21C,50.17,Sydney
472,Sophia Martinez,41,Female,T96603,4E,375.78,New York
473,David Williams,9,Other,T13166,6B,157.38,Sydney
474,James Brown,87,Female,T18008,8A,215.99,Sydney
475,Sophia Rodriguez,3,Other,T39634,15D,367.97,New York
476,Emma Garcia,30,Other,T47141,12E,446.35,Berlin
477,John Brown,1,Other,T71567,40F,442.5,Tokyo
478,James Garcia,8,Male,T57536,27F,470.83,Sydney
479,James Smith,5,Male,T12814,37E,352.17,Berlin
480,Emma Miller,73,Female,T90897,12D,406.87,Berlin
481,Isabella Davis,87,Male,T51785,36D,432.68,Tokyo
482,Michael Davis,22,Other,T87426,14D,269.8,Paris
483,James Rodriguez,85,Female,T48487,50D,324.76,London
484,Michael Williams,74,Male,T51372,18B,126.22,Berlin
485,Olivia Rodriguez,24,Female,T92625,58D,250.99,Berlin
486,David Martinez,49,Female,T65256,32B,489.53,Paris
487,Robert Davis,48,Male,T56806,50E,300.83,Berlin
488,James Davis,59,Female,T28014,10C,268.24,New York
489,John Jones,37,Other,T26726,2C,313.38,Toronto
490,Olivia Jones,48,Male,T99360,19D,303.7,Toronto
491,Sophia Rodriguez,74,Female,T53073,46C,95.81,London
492,Mia Johnson,1,Female,T50534,47C,251.12,Toronto
493,Robert Rodriguez,49,Female,T30344,9C,265.02,Berlin
494,James Brown,68,Female,T33071,40D,276.99,Tokyo
495,Olivia Smith,43,Female,T67085,5D,346.96,London
496,Robert Brown,61,Other,T33790,60D,314.46,Paris
497,John Martinez,48,Other,T91539,12C,430.1,Tokyo
498,Robert Miller,10,Other,T28206,42C,446.86,Paris
499,John Miller,20,Other,T82432,19B,323.49,Paris
500,Sophia Jones,33,Male,T75854,28E,143.05,Sydney
501,David Brown,78,Male,T72263,44B,333.45,Tokyo
502,Isabella Martinez,58,Female,T13674,24B,157.71,Toronto
503,James Davis,12,Other,T39647,19F,285.12,Sydney
504,Mia Rodriguez,85,Other,T49880,40B,363.15,Tokyo
505,Olivia Martinez,32,Female,T37508,53A,253.94,Toronto
506,Emma Rodriguez,63,Male,T76933,7D,324.76,Paris
507,Olivia Smith,38,Male,T84583,39C,399.09,Paris
508,David Rodriguez,26,Male,T71110,2B,387.21,Toronto
509,Michael Johnson,84,Other,T86887,51B,479.5,London
510,Michael Johnson,56,Other,T35634,53A,372.59,London
511,Olivia Garcia,16,Other,T16662,17B,425.38,Tokyo
512,Mia Johnson,53,Other,T86762,46D,205.82,New York
513,Mia Smith,74,Female,T10576,5A,220.17,New York
514,John Martinez,6,Male,T18342,14E,499.42,Berlin
515,Sophia Rodriguez,77,Male,T28831,16F,191.52,Sydney
516,Olivia Martinez,45,Other,T48332,49B,224.78,New York
517,Michael Jones,72,Female,T35158,13D,75.66,Tokyo
518,John Davis,63,Male,T35815,29B,52.98,London
519,Olivia Smith,49,Male,T92756,22A,206.56,Sydney
520,Olivia Garcia,87,Male,T18276,12F,279.65,London
521,Olivia Johnson,23,Female,T14727,53B,215.0,Tokyo
522,James Rodriguez,35,Other,T19213,51C,297.66,Tokyo
523,Olivia Jones,56,Male,T90435,34D,330.42,Berlin
524,John Miller,9,Male,T15949,45E,323.18,Tokyo
525,Mia Williams,37,Female,T94453,13C,429.85,Tokyo
526,Olivia Jones,65,Male,T20622,20F,83.21,New York
527,John Martinez,47,Male,T95777,55C,241.63,New York
528,Olivia Martinez,69,Female,T85827,22D,292.31,Sydney
529,Michael Garcia,62,Other,T21205,55B,74.87,London
530,James Smith,60,Other,T92616,60A,285.83,London
531,Mia Martinez,8,Male,T26868,18E,268.84,Toronto
532,Michael Brown,42,Male,T33216,3C,425.17,Sydney
533,David Davis,57,Female,T51891,33D,378.88,New York
534,Sophia Rodriguez,57,Other,T59139,11B,295.0,Paris
535,Mia Johnson,40,Male,T18091,30C,406.94,New York
536,Michael Martinez,72,Other,T14049,2B,165.88,Paris
537,Isabella Jones,45,Other,T65436,41C,115.75,London
538,John Jones,62,Other,T93863,56B,331.26,Tokyo
539,Emma Martinez,49,Male,T29093,19E,211.7,Paris
540,Sophia Davis,41,Female,T88470,1E,52.56,Tokyo
541,James Smith,9,Other,T35188,57B,250.05,Toronto
542,Robert Garcia,9,Female,T97731,38A,452.43,Berlin
543,Michael Rodriguez,64,Male,T68564,26A,264.12,Berlin
544,Olivia Jones,30,Other,T64263,28A,132.48,Toronto
545,Mia Garcia,13,Male,T82278,27A,233.31,London
546,Mia Martinez,51,Male,T92027,31E,407.58,Paris
547,John Williams,10,Other,T34147,37A,311.61,Sydney
548,Emma Smith,84,Other,T64385,25B,422.28,Berlin
549,Robert Martinez,28,Male,T43256,58F,469.08,Sydney
550,Emma Brown,65,Female,T39801,17A,483.44,London
551,David Miller,58,Female,T85367,42A,205.71,Sydney
552,John Jones,81,Female,T91142,19A,192.9,London
553,Sophia Rodriguez,1,Female,T90172,60F,467.26,London
554,Robert Smith,13,Female,T61443,33D,69.08,Sydney
555,Olivia Martinez,88,Other,T21940,5A,414.32,London
556,Isabella Johnson,33,Other,T58549,2F,451.52,London
557,Sophia Johnson,80,Male,T98657,40A,197.57,Berlin
558,Michael Rodriguez,26,Male,T93531,44A,149.84,New York
559,James Martinez,47,Other,T73218,46B,284.8,London
560,David Williams,2,Other,T58379,48D,82.9,New York
561,Sophia Johnson,31,Male,T60025,21E,469.09,New York
562,Emma Williams,46,Male,T12006,8E,457.57,Toronto
563,Sophia Brown,64,Female,T58641,17B,69.18,Tokyo
564,James Davis,89,Female,T84783,32D,66.23,Paris
565,Isabella Davis,75,Other,T78357,31C,155.35,Paris
566,Michael Brown,89,Female,T44960,60B,386.91,London
567,Sophia Davis,80,Female,T25998,17B,289.37,Berlin
568,John Davis,9,Female,T20940,47F,413.46,Sydney
569,John Johnson,53,Female,T48550,54A,438.38,Toronto
570,Mia Miller,50,Male,T67987,50B,450.38,Toronto
571,Isabella Williams,58,Male,T51834,41E,67.24,Tokyo
572,Mia Miller,7,Other,T55161,34C,362.01,Berlin
573,Michael Brown,18,Female,T68139,45F,108.71,Tokyo
574,Mia Jones,75,Other,T25907,46E,452.97,Sydney
575,John Johnson,28,Female,T46813,57B,198.27,Toronto
576,David Martinez,80,Female,T13502,26E,332.89,Paris
577,Isabella Smith,43,Female,T72181,1A,192.26,Berlin
578,David Smith,59,Other,T81646,40D,252.18,London
579,Olivia Garcia,89,Other,T10190,39C,479.52,Toronto
580,Emma Miller,29,Female,T20445,18A,258.77,Sydney
581,Robert Johnson,77,Male,T96521,33E,58.92,Berlin
582,David Williams,34,Female,T82099,34E,442.75,Toronto
583,Emma Johnson,69,Male,T28011,3F,127.22,London
584,Robert Garcia,68,Other,T44083,21B,203.48,Toronto
585,James Johnson,71,Male,T61773,11C,275.15,Tokyo
586,Emma Johnson,28,Male,T60754,20E,235.3,Sydney
587,Isabella Johnson,48,Male,T10667,53E,241.45,New York
588,John Garcia,40,Male,T41702,4A,158.44,London
589,John Johnson,50,Other,T96897,23C,257.38,London
590,Olivia Davis,41,Other,T86704,15A,443.08,Tokyo
591,Michael Smith,50,Female,T18282,53A,296.79,Toronto
592,Michael Davis,50,Other,T67237,56A,393.33,Sydney
593,Mia Rodriguez,41,Female,T16450,30E,440.82,Tokyo
594,Robert Davis,62,Other,T34133,51E,55.9,London
595,Mia Garcia,29,Male,T29001,46B,96.96,Berlin
596,Mia Davis,7,Female,T30491,54B,224.57,Toronto
597,Emma Johnson,19,Male,T39005,6D,335.74,Tokyo
598,David Brown,18,Male,T69398,30B,203.07,London
599,Sophia Miller,32,Male,T25197,32E,81.67,Toronto
600,David Johnson,10,Female,T32115,32A,125.53,Sydney
601,David Miller,14,Female,T89208,16B,83.59,Sydney
602,Olivia Johnson,24,Other,T63423,36E,362.89,Tokyo
603,Robert Martinez,68,Other,T63059,2A,90.94,Toronto
604,Robert Rodriguez,13,Male,T92104,53F,263.28,London
605,John Johnson,56,Female,T57053,54F,477.56,Sydney
606,Emma Jones,60,Other,T33006,8C,172.87,Toronto
607,Isabella Rodriguez,34,Female,T54629,26D,442.58,Toronto
608,Isabella Rodriguez,22,Male,T55421,5C,383.99,New York
609,Michael Smith,81,Other,T40613,47D,212.41,Sydney
610,David Williams,42,Female,T50100,32D,484.54,Toronto
611,James Garcia,15,Other,T59252,24D,358.45,Sydney
612,John Davis,84,Female,T41383,30E,490.39,London
613,David Brown,87,Male,T51461,26C,170.1,London
614,Olivia Rodriguez,66,Other,T51581,6B,85.66,London
615,James Brown,81,Female,T36807,29C,383.64,Sydney
616,John Williams,68,Female,T79905,49A,156.15,Sydney
617,Michael Martinez,6,Male,T45739,52C,142.36,New York
618,Sophia Davis,25,Male,T62001,38A,218.53,New York
619,James Davis,4,Other,T76064,16F,75.25,Toronto
620,Sophia Rodriguez,38,Other,T73703,16E,451.99,Tokyo
621,Robert Miller,4,Other,T92085,38A,137.77,Toronto
622,Sophia Martinez,14,Other,T17569,16B,152.21,Toronto
623,Mia Williams,73,Other,T33838,51A,181.98,Paris
624,Michael Davis,63,Other,T39898,16A,121.64,Toronto
625,James Rodriguez,66,Female,T82968,58C,328.19,Toronto
626,Olivia Williams,3,Male,T59785,13F,332.86,Toronto
627,Emma Martinez,8,Other,T84213,10B,118.92,Toronto
628,Sophia Smith,24,Male,T92405,1F,255.87,Paris
629,James Smith,57,Female,T44009,14A,131.22,New York
630,John Garcia,48,Male,T90261,45B,120.39,Tokyo
631,Sophia Johnson,44,Male,T25287,18F,129.08,Tokyo
632,Mia Williams,1,Male,T98681,2F,180.07,London
633,John Martinez,10,Other,T82529,8C,205.54,New York
634,Michael Smith,5,Male,T26933,11D,395.51,Tokyo
635,Michael Garcia,37,Female,T72980,10F,463.02,London
636,Sophia Garcia,58,Other,T75038,9C,141.57,Paris
637,Isabella Rodriguez,12,Other,T33713,4F,448.56,Berlin
638,James Brown,23,Female,T92175,26C,96.2,Toronto
639,David Williams,35,Female,T93523,14C,385.29,Toronto
640,James Garcia,74,Male,T22964,1F,85.5,Sydney
641,Robert Martinez,53,Male,T42357,39B,302.72,Berlin
642,Sophia Rodriguez,63,Female,T56257,9A,191.53,Paris
643,John Garcia,5,Other,T88764,15A,415.21,Berlin
644,Mia Martinez,71,Male,T42506,13B,411.8,Berlin
645,Sophia Martinez,16,Female,T48252,38F,84.75,New York
646,John Miller,18,Male,T19889,23D,193.79,Toronto
647,Robert Garcia,61,Other,T84148,2C,232.36,New York
648,Sophia Miller,72,Female,T70203,34F,191.26,Sydney
649,David Rodriguez,43,Female,T94376,47B,308.7,Toronto
650,James Brown,84,Male,T22955,12B,366.96,New York
651,Robert Brown,13,Female,T98569,49A,354.79,Paris
652,James Davis,87,Other,T43659,8B,199.96,Tokyo
653,Mia Williams,6,Female,T53176,58B,148.16,Tokyo
654,Sophia Miller,55,Female,T53814,47F,400.89,London
655,Isabella Jones,19,Other,T11686,18D,296.15,Berlin
656,Sophia Rodriguez,42,Female,T42503,14E,180.68,Toronto
657,John Garcia,68,Female,T42997,43F,320.79,Tokyo
658,Sophia Johnson,24,Female,T12286,44A,399.22,Sydney
659,James Williams,26,Other,T96337,4C,136.82,Paris
660,Isabella Rodriguez,17,Female,T68734,59E,327.72,Berlin
661,Mia Smith,25,Other,T37283,53B,181.43,Tokyo
662,Michael Smith,81,Male,T78746,11F,128.16,Berlin
663,Isabella Rodriguez,75,Other,T91389,42D,497.84,Toronto
664,Isabella Garcia,78,Female,T65162,53C,294.56,Tokyo
665,Mia Jones,52,Male,T92769,24E,223.8,Toronto
666,James Johnson,77,Other,T87060,12F,113.21,London
667,Olivia Martinez,80,Male,T87468,29D,346.46,Berlin
668,David Johnson,47,Male,T93565,25D,443.35,Berlin
669,Michael Johnson,63,Female,T73024,31F,268.56,Toronto
670,John Smith,41,Other,T15456,25A,408.79,Sydney
671,John Smith,14,Male,T30637,26B,286.87,Berlin
672,David Rodriguez,36,Other,T75293,40A,111.19,London
673,Sophia Martinez,42,Other,T94938,42C,166.48,Tokyo
674,David Martinez,41,Other,T83401,2C,230.67,Paris
675,John Miller,40,Female,T69698,50B,111.33,Paris
676,James Williams,55,Other,T11360,15D,378.99,Toronto
677,Mia Jones,66,Male,T88468,46B,142.19,Toronto
678,David Rodriguez,30,Other,T12761,38B,330.97,Paris
679,James Martinez,54,Other,T18977,55C,402.3,Berlin
680,Olivia Martinez,25,Female,T65386,38E,413.91,Paris
681,Isabella Garcia,47,Female,T74945,6B,134.44,New York
682,Michael Miller,27,Other,T35838,31D,74.07,Paris
683,James Davis,7,Male,T73733,55F,236.8,Berlin
684,Isabella Miller,42,Male,T86813,2E,73.01,New York
685,David Jones,76,Male,T51876,8C,76.43,Tokyo
686,Isabella Smith,57,Other,T72814,16A,157.41,Tokyo
687,Sophia Johnson,26,Other,T81604,13B,262.25,Berlin
688,John Johnson,28,Male,T35678,26E,311.4,Paris
689,John Smith,52,Female,T20855,14D,168.6,Sydney
690,Sophia Martinez,47,Female,T14561,33A,219.37,New York
691,Michael Williams,8,Other,T37830,3C,72.36,London
692,David Williams,51,Female,T36817,25D,351.84,Berlin
693,Robert Brown,16,Other,T82856,60F,467.84,Paris
694,Mia Smith,52,Other,T94484,49A,167.7,Berlin
695,Robert Miller,78,Other,T76805,54A,348.63,Berlin
696,Mia Smith,13,Other,T42056,3D,392.89,Tokyo
697,Robert Miller,54,Male,T65157,10E,87.3,Tokyo
698,Isabella Martinez,18,Male,T48611,56E,465.07,Toronto
699,David Smith,70,Female,T67101,54E,305.84,Sydney
700,Isabella Martinez,74,Female,T18085,21F,84.19,New York
701,Mia Martinez,47,Male,T17302,5F,132.61,Tokyo
702,Olivia Johnson,31,Female,T82027,37F,144.95,Toronto
703,Isabella Jones,35,Female,T93245,34A,99.84,New York
704,John Davis,42,Male,T60228,14B,67.34,Tokyo
705,Isabella Jones,17,Female,T88113,22B,171.37,Toronto
706,Sophia Smith,9,Male,T98876,56A,380.17,New York
707,Mia Garcia,59,Male,T87455,37C,458.73,Berlin
708,Sophia Garcia,14,Other,T13437,55F,231.64,New York
709,Sophia Williams,65,Other,T93499,40D,354.23,Sydney
710,David Garcia,28,Female,T75922,7B,330.63,Paris
711,John Garcia,7,Male,T26815,4D,298.62,New York
712,Olivia Davis,36,Female,T64214,21C,485.11,Paris
713,David Martinez,66,Male,T44214,25C,58.16,Sydney
714,David Brown,19,Other,T44071,34C,391.74,Berlin
715,David Brown,44,Female,T14829,37F,340.58,Paris
716,Sophia Smith,36,Male,T31328,37D,292.24,Tokyo
717,Isabella Davis,30,Male,T99759,4C,187.32,New York
718,John Brown,5,Other,T61667,6B,249.2,Sydney
719,Olivia Martinez,4,Female,T68784,38E,470.25,New York
720,David Miller,18,Female,T81457,9C,150.78,Berlin
721,Emma Williams,85,Female,T83400,16C,100.02,Berlin
722,Emma Brown,45,Other,T21586,37C,100.22,London
723,Robert Brown,49,Female,T18997,48D,100.99,Sydney
724,Sophia Martinez,56,Male,T96210,11E,472.98,Berlin
725,Michael Jones,83,Male,T12777,35A,196.21,New York
726,Mia Williams,4,Male,T22489,28E,423.68,Tokyo
727,Olivia Garcia,89,Other,T97804,7F,168.52,New York
728,David Johnson,60,Female,T65296,41B,147.31,Tokyo
729,Emma Jones,79,Male,T65006,26A,198.53,Paris
730,Sophia Smith,69,Other,T44503,21D,297.0,Toronto
731,David Martinez,63,Female,T60594,23A,90.93,Berlin
732,Sophia Davis,73,Male,T78317,52C,475.33,Toronto
733,Olivia Johnson,10,Male,T75404,53E,442.42,Tokyo
734,Sophia Jones,69,Male,T47613,41C,373.43,New York
735,Isabella Jones,34,Female,T10524,9D,252.86,Sydney
736,John Williams,10,Other,T51843,27B,342.57,Tokyo
737,David Davis,9,Male,T24560,48D,416.75,Tokyo
738,Emma Miller,69,Female,T15885,44A,369.23,Sydney
739,Olivia Miller,49,Other,T42563,28E,316.86,Paris
740,Olivia Jones,61,Male,T93735,58B,140.0,Paris
741,Michael Jones,15,Female,T50136,19A,329.45,Berlin
742,Mia Rodriguez,74,Female,T64790,8A,81.08,Paris
743,Olivia Brown,3,Other,T67881,4D,224.66,London
744,Isabella Smith,39,Other,T93447,41E,193.86,New York
745,Michael Garcia,60,Other,T29610,32F,322.07,Paris
746,Michael Williams,55,Other,T92359,43B,51.94,Toronto
747,Sophia Davis,20,Male,T47335,58F,213.96,New York
748,Emma Smith,49,Male,T58961,25A,373.13,Toronto
749,Robert Rodriguez,35,Female,T50069,54C,403.23,Sydney
750,Michael Martinez,83,Other,T63916,15D,209.43,Tokyo
751,Sophia Smith,12,Male,T20373,53C,389.85,Toronto
752,John Garcia,61,Other,T80331,27F,151.22,Berlin
753,John Garcia,74,Other,T80394,7C,476.79,Sydney
754,Emma Garcia,37,Other,T74157,56E,396.29,New York
755,Olivia Davis,48,Other,T57838,4D,146.28,London
756,Olivia Miller,30,Female,T77853,3C,129.91,London
757,Olivia Brown,5,Male,T11029,12C,241.75,Paris
758,Robert Rodriguez,12,Male,T95169,16E,366.06,London
759,Olivia Johnson,28,Male,T96613,7C,145.57,New York
760,Robert Miller,89,Female,T57970,44B,315.08,New York
761,Olivia Rodriguez,41,Female,T39354,2E,208.61,Tokyo
762,Emma Miller,29,Male,T56726,25C,477.35,Toronto
763,David Smith,79,Other,T27437,46E,179.76,London
764,Mia Davis,41,Male,T28431,56C,200.29,New York
765,Olivia Martinez,55,Male,T86445,17B,488.63,London
766,Sophia Smith,71,Female,T30641,35E,408.94,Tokyo
767,John Rodriguez,14,Female,T73333,41A,436.31,Tokyo
768,David Garcia,73,Female,T32027,27B,214.41,Tokyo
769,John Williams,26,Female,T49588,24B,444.6,Tokyo
770,John Garcia,71,Female,T23846,12A,482.27,Toronto
771,Sophia Davis,52,Female,T53256,31B,352.58,Tokyo
772,Isabella Brown,87,Male,T47326,48D,449.58,Toronto
773,David Miller,80,Female,T66069,8A,123.15,Berlin
774,Isabella Davis,23,Female,T87172,22F,185.28,Toronto
775,Michael Garcia,81,Other,T59558,14C,295.13,Berlin
776,Sophia Garcia,88,Female,T88533,32D,140.11,London
777,Robert Rodriguez,63,Male,T81778,18F,118.85,London
778,John Johnson,21,Other,T13438,11C,120.97,Sydney
779,Olivia Williams,32,Female,T84355,46F,310.71,London
780,James Miller,53,Other,T66752,60A,310.15,London
781,Robert Davis,38,Female,T73551,47B,69.93,Tokyo
782,Sophia Brown,62,Female,T32394,36A,375.13,Sydney
783,Isabella Smith,20,Other,T61568,54F,257.05,Toronto
784,John Miller,55,Other,T17121,57E,104.34,London
785,Olivia Jones,68,Male,T51314,30A,87.8,Berlin
786,James Miller,84,Other,T69602,46A,156.95,London
787,David Smith,89,Female,T88383,28C,352.12,Berlin
788,Mia Garcia,60,Other,T17284,54D,214.81,Berlin
789,Robert Miller,61,Other,T58382,5B,216.58,Toronto
790,Olivia Brown,33,Female,T92818,35A,90.7,London
791,Michael Brown,54,Female,T49362,35C,380.85,New York
792,Sophia Miller,80,Other,T40719,29F,328.04,Tokyo
793,David Martinez,9,Other,T51239,2F,151.11,Tokyo
794,Robert Miller,58,Other,T64178,17F,443.68,London
795,Emma Davis,30,Other,T20086,43E,358.26,Sydney
796,David Johnson,49,Female,T92515,4E,162.3,Sydney
797,John Brown,81,Female,T27530,13E,291.22,Sydney
798,Isabella Garcia,9,Male,T62162,44D,222.82,Berlin
799,Sophia Garcia,3,Male,T56802,15C,155.32,London
800,Mia Rodriguez,29,Other,T39063,33B,127.6,Tokyo
801,Robert Miller,15,Other,T32916,2C,131.3,Tokyo
802,John Rodriguez,1,Other,T79891,37B,200.3,Tokyo
803,Olivia Miller,6,Male,T18733,41D,458.86,Toronto
804,Robert Miller,47,Male,T67949,33B,324.78,London
805,Isabella Williams,54,Male,T74402,12D,77.94,Tokyo
806,David Johnson,48,Male,T73338,32D,349.88,Berlin
807,Sophia Jones,13,Male,T69188,20A,144.62,Berlin
808,Mia Smith,22,Female,T72211,21A,243.52,Sydney
809,David Johnson,42,Female,T75024,15B,322.86,Paris
810,Robert Smith,71,Male,T10309,26E,448.3,Toronto
811,Sophia Miller,48,Female,T32858,32D,200.02,Tokyo
812,Mia Williams,21,Other,T90077,26C,390.76,Toronto
813,Sophia Martinez,34,Male,T44097,52E,417.18,Berlin
814,Michael Johnson,16,Female,T97188,45E,414.02,Berlin
815,Robert Davis,70,Other,T87487,59C,105.19,Toronto
816,Sophia Miller,72,Female,T80291,2B,468.05,Tokyo
817,Emma Williams,6,Female,T92275,47F,498.32,Berlin
818,Mia Brown,27,Male,T89458,60B,234.92,Berlin
819,Robert Garcia,21,Female,T39474,42A,290.01,London
820,Mia Miller,73,Male,T70916,26B,265.87,Sydney
821,John Martinez,82,Other,T80792,21C,89.99,New York
822,Robert Martinez,12,Male,T78640,11F,467.72,Toronto
823,Isabella Miller,16,Male,T17982,34F,83.94,Tokyo
824,Michael Rodriguez,66,Male,T85097,59C,397.79,Tokyo
825,James Rodriguez,55,Other,T44009,4E,156.33,London
826,Sophia Jones,83,Other,T38813,14D,429.03,Toronto
827,Olivia Rodriguez,81,Female,T98454,10F,82.85,Paris
828,Robert Rodriguez,2,Male,T35973,42E,400.08,Berlin
829,Robert Davis,34,Female,T79584,38F,126.42,London
830,Isabella Martinez,69,Other,T65201,4F,243.77,Paris
831,Sophia Davis,33,Female,T59782,49E,205.16,Paris
832,Olivia Martinez,87,Male,T94525,22A,367.97,Berlin
833,Robert Jones,73,Male,T44324,28D,443.42,New York
834,David Williams,49,Male,T92854,19A,198.16,Toronto
835,David Garcia,77,Male,T63478,11B,303.98,Tokyo
836,Isabella Martinez,70,Male,T33729,28B,283.11,New York
837,Sophia Smith,69,Female,T82417,6B,110.31,Sydney
838,David Smith,72,Female,T85734,50E,183.12,Tokyo
839,Sophia Brown,34,Female,T19691,60B,177.04,Toronto
840,John Jones,41,Male,T91650,48C,322.43,Paris
841,Emma Miller,24,Other,T63142,21F,164.73,Tokyo
842,Michael Rodriguez,45,Female,T55561,13F,210.3,New York
843,Mia Garcia,83,Female,T36424,7F,330.53,London
844,Michael Brown,42,Male,T66382,2D,494.1,Tokyo
845,James Miller,12,Other,T31368,27A,410.85,Berlin
846,David Rodriguez,17,Male,T81940,34A,157.28,Sydney
847,Isabella Davis,43,Male,T74481,28B,88.41,Toronto
848,David Martinez,81,Other,T26930,37F,75.62,Paris
849,Emma Rodriguez,29,Female,T11357,11B,183.16,Toronto
850,David Martinez,61,Other,T77463,57A,301.13,Paris
851,Sophia Davis,75,Female,T65812,13D,384.6,Berlin
852,James Brown,18,Other,T83507,13A,390.57,New York
853,Sophia Johnson,35,Male,T40015,59F,155.85,Paris
854,Olivia Johnson,84,Male,T17164,46C,231.48,Paris
855,Emma Davis,54,Female,T87256,42B,88.92,Berlin
856,Emma Williams,13,Female,T78352,57A,147.54,New York
857,Sophia Rodriguez,15,Male,T90046,43B,419.23,Sydney
858,David Martinez,27,Male,T20799,34A,464.25,New York
859,Isabella Rodriguez,1,Female,T15356,56A,77.26,Berlin
860,Sophia Johnson,31,Other,T51680,22B,383.07,Paris
861,James Garcia,87,Female,T96966,13E,168.97,Berlin
862,Sophia Miller,47,Other,T27566,33C,449.58,Paris
863,Robert Rodriguez,85,Other,T69429,40E,392.74,Toronto
864,Robert Miller,15,Other,T62127,28E,496.2,New York
865,Isabella Miller,89,Female,T47220,27F,296.0,New York
866,John Williams,36,Female,T18111,21E,105.3,London
867,John Williams,62,Male,T14643,30F,331.64,Toronto
868,Mia Williams,52,Male,T20625,55D,252.9,Tokyo
869,Robert Davis,18,Male,T52446,20A,163.44,Berlin
870,Michael Williams,10,Female,T99489,41E,250.02,Sydney
871,Robert Martinez,51,Female,T25785,38E,127.35,Berlin
872,Isabella Brown,48,Other,T13145,15A,272.73,Tokyo
873,Isabella Williams,75,Male,T72711,22D,301.21,London
874,Isabella Davis,31,Female,T73229,28D,154.29,Tokyo
875,Robert Garcia,48,Male,T33467,11F,172.55,Sydney
876,Sophia Brown,81,Female,T95078,18D,444.99,Berlin
877,John Miller,20,Male,T29025,38C,54.57,Tokyo
878,Michael Miller,9,Other,T51833,59D,160.03,Tokyo
879,David Miller,46,Female,T62541,21A,68.07,New York
880,James Garcia,68,Other,T75918,2B,462.47,Tokyo
881,Robert Miller,13,Other,T63525,8C,267.91,Tokyo
882,David Garcia,32,Other,T72056,50A,379.3,London
883,David Jones,36,Female,T13951,37C,302.64,Toronto
884,Michael Williams,61,Male,T98763,10A,339.45,Sydney
885,Emma Martinez,9,Female,T30056,9F,104.68,London
886,Sophia Miller,39,Other,T65248,24C,188.39,Tokyo
887,Sophia Rodriguez,45,Other,T80308,8E,342.04,Paris
888,John Garcia,72,Male,T21659,25F,157.4,Tokyo
889,Olivia Brown,26,Other,T45717,57B,342.62,Sydney
890,Emma Miller,27,Female,T57932,36B,410.12,Berlin
891,James Johnson,70,Female,T58033,28D,497.67,London
892,Robert Williams,32,Male,T29457,51B,407.61,Sydney
893,John Rodriguez,37,Other,T74162,1C,99.3,New York
894,Emma Garcia,24,Female,T11319,8D,239.6,New York
895,Isabella Rodriguez,32,Other,T37062,29F,148.14,Sydney
896,James Jones,37,Male,T68426,9B,339.08,Berlin
897,Emma Williams,43,Male,T54301,60E,417.64,New York
898,James Brown,66,Other,T29310,42D,200.86,Sydney
899,Sophia Smith,84,Male,T74952,43A,290.13,Paris
900,Olivia Johnson,76,Male,T82506,13D,252.13,Paris
